歌名,歌手,语言和曲风,难度,价格,,,,,,
落,艾辰,古风,简单,,,,,,,
藏,徐梦圆、双笙,古风,简单,,,,,,,
高唐,音阙诗听、王梓钰,古风,中等,,,,,,,
小满,音阙诗听、王梓钰,古风,简单,,,,,,,
田螺,音阙诗听、王梓钰,古风,简单,,,,,,,
沉鱼,音阙诗听、王梓钰、赵方婧,古风,简单,,,,,,,
芒种,音阙诗听、赵方婧,古风,中等,,,,,,,
霜降,音阙诗听、赵方婧,古风,简单,,,,,,,
食色,音阙诗听、林清弄,古风,中等,,,,,,,
说客,音阙诗听、新乐尘符,古风,中等,,,,,,,
赤伶,HITA,古风,困难,30,,,,,,
采薇,HITA,古风,简单,,,,,,,
同簪,小时姑娘/HITA,古风,简单,,,,,,,
爱殇,小时姑娘,古风,超级难,30,,,,,,
风缘,双笙,古风,中等,,,,,,,
月出,双笙,古风,中等,,,,,,,
谓风,双笙、流仙,古风,简单,,,,,,,
海棠,玄觞,古风,简单,,,,,,,
妻书,玄觞,古风,简单,,,,,,,
参商,不才,古风,困难,,,,,,,
拂雪,不才,古风,困难,,,,,,,
谪仙,叶里,古风,简单,,,,,,,
芊芊,回音哥,古风,中等,,,,,,,
遇萤,CRITTY,古风,简单,,,,,,,
谷雨,桑葚上的猴子,古风,困难,,,,,,,
古画,鞠婧祎,古风,简单,,,,,,,
月光,胡彦斌,古风,中等,,,,,,,
故梦,橙翼,古风,简单,,,,,,,
相思,毛阿敏,古风,中等,,,,,,,
大鱼,周深,古风,简单,,,,,,,
铃舟,匀子,古风,困难,,,,,,,
野火,不才、三无Marblue,古风,简单,,,,,,,
社戏,安九,古风,简单,,,,,,,
蜀绣,李宇春,古风,简单,,,,,,,
狐言,河图、洛天依,古风,简单,,,,,,,
迢迢,黄诗扶,古风,困难,,,,,,,
不染,毛不易,古风,困难,,,,,,,
别赋,慕寒,古风,简单,,,,,,,
酒家,小阿七,古风,中等,,,,,,,
天下,张杰,古风,简单,,,,,,,
杯欢,东篱,古风,简单,,,,,,,
齐天,兔裹煎蛋卷,古风,中等,,,,,,,
南柯,司夏,古风,简单,,,,,,,
山鬼,winky诗,古风,简单,,,,,,,
缘起,周深,古风,简单,,,,,,,
云长,赵钶,古风,中等,,,,,,,
风月,黄龄,古风,中等,,,,,,,
皈依,皈依小能手,古风,简单,,,,,,,
愿我,呦猫,古风,困难,,,,,,,
探窗,浮生梦,古风,简单,,,,,,,
赴火,唐九夏,古风,中等,,,,,,,
怎叹,等什么君,古风,简单,,,,,,,
无归,叶里,古风,简单,,,,,,,
发如雪,周杰伦,古风,简单,,,,,,,
兰亭序,周杰伦,古风,简单,,,,,,,
东风破,周杰伦,古风,简单,,,,,,,
菊花台,周杰伦,古风,简单,,,,,,,
青花瓷,周杰伦,古风,简单,,,,,,,
霍元甲,周杰伦,古风,简单,,,,,,,
是风动,银临,古风,中等,,,,,,,
流光记,银临,古风,中等,,,,,,,
不老梦,银临,古风,中等,,,,,,,
眉南边,银临,古风,简单,,,,,,,
锦鲤抄,银临、云の泣,古风,简单,,,,,,,
牵丝戏,银临、Aki阿杰,古风,中等,100,,,,,,
多情岸,洛天依,古风,中等,,,,,,,
三月雨,洛天依,古风,困难,30,,,,,,
易水诀,洛天依,古风,困难,,,,,,,
马步谣,双笙,古风,简单,,,,,,,
葬花吟,双笙,古风,简单,,,,,,,
采茶纪,双笙,古风,简单,,,,,,,
眉间雪,HITA,古风,简单,,,,,,,
白头吟,HITA,古风,简单,,,,,,,
丹青客,HITA、小曲儿,古风,简单,,,,,,,
何以歌,Aki阿杰,古风,中等,,,,,,,
东风志,Aki阿杰,古风,中等,,,,,,,
九万字,黄诗扶,古风,超级难,,,,,,,
孽海记,黄诗扶,古风,困难,30,,,,,,
红叶寺,小爱的妈,古风,中等,,,,,,,
江山雪,小爱的妈,古风,中等,,,,,,,
外婆桥,任然,古风,简单,,,,,,,
对玄机,王梓钰、任然,古风,中等,,,,,,,
红昭愿,音阙诗听、王梓钰,古风,简单,,,,,,,
千百度,许嵩,古风,简单,,,,,,,
庐州月,许嵩,古风,简单,,,,,,,
风筝误,刘珂矣,古风,简单,,,,,,,
半壶纱,刘珂矣,古风,简单,,,,,,,
画中仙,金莎,古风,简单,,,,,,,
芳华慢,封茗囧菌,古风,困难,,,,,,,
广寒宫,丸子呦,古风,中等,30,,,,,,
九张机,叶炫清,古风,中等,,,,,,,
不谓侠,萧忆情,古风,困难,,,,,,,
三月谣,小凌,古风,中等,,,,,,,
叹云兮,鞠婧祎,古风,中等,,,,,,,
小城谣,胡碧乔,古风,简单,,,,,,,
金陵谣,国风堂,古风,简单,,,,,,,
桃花笑,锦零,古风,简单,,,,,,,
霁夜茶,小曲儿,古风,简单,,,,,,,
鱼玄机,兔裹煎蛋卷,古风,简单,,,,,,,
不问天,说说Crystal,古风,困难,100,,,,,,
逍遥叹,胡歌,古风,简单,,,,,,,
沈园外,阿YueYue,古风,困难,,,,,,,
苏幕遮,张晓棠,古风,困难,,,,,,,
皎然记,司夏,古风,简单,,,,,,,
故人叹,吴琼,古风,困难,,,,,,,
梦留别,周深,古风,简单,,,,,,,
小嫦娥,安子与九妹,古风,简单,100,,,,,,
小棋童,不纯君,古风,简单,,,,,,,
故人泪,麦小兜,古风,简单,,,,,,,
繁华梦,黄龄,古风,简单,,,,,,,
花亦山,赵方婧,古风,中等,,,,,,,
天涯过客,周杰伦,古风,简单,,,,,,,
红颜如霜,周杰伦,古风,简单,,,,,,,
红尘客栈,周杰伦,古风,简单,,,,,,,
烟花易冷,周杰伦,古风,简单,,,,,,,
有美人兮,音阙诗听、赵方婧、王梓钰,古风,简单,,,,,,,
木桥小谣,音阙诗听、王梓钰,古风,简单,,,,,,,
夜宴风波,音阙诗听、王梓钰,古风,简单,,,,,,,
落霞云归,慕寒,古风,简单,,,,,,,
人间忽晚,慕寒、排骨教主,古风,简单,,,,,,,
扬州姑娘,双笙,古风,中等,,,,,,,
浮生未歇,双笙,古风,简单,,,,,,,
繁华唱遍,乐正绫,古风,中等,,,,,,,
千里邀月,乐正绫、泠鸢yousa、hanser…,古风,简单,,,,,,,
泸沽寻梦,银临,古风,简单,,,,,,,
棠梨煎雪,银临,古风,简单,,,,,,,
如果当时,许嵩,古风,简单,,,,,,,
惊鸿一面,许嵩、黄龄,古风,简单,,,,,,,
烟雨行舟,伦桑,古风,简单,,,,,,,
天地缓缓,伦桑,古风,简单,,,,,,,
浪人琵琶,胡66,古风,简单,,,,,,,
十三月凉,不才,古风,简单,,,,,,,
晓秋月明,五色石南叶、司夏,古风,困难,,,,,,,
知否知否,郁可唯、胡夏,古风,简单,,,,,,,
天下无双,张靓颖,古风,超级难,,,,,,,
明月天涯,五音JW,古风,简单,,,,,,,
三寸天堂,严艺丹,古风,简单,,,,,,,
探清水河,黄诗扶,古风,中等,30,,,,,,
此生不换,青鸟飞鱼,古风,中等,,,,,,,
红尘轻剑,轩寞sirius,古风,中等,,,,,,,
梅花旧事,玄觞,古风,困难,,,,,,,
松烟入墨,winky诗,古风,简单,,,,,,,
泼墨漓江,泠鸢yousa,古风,简单,,,,,,,
陶然四季,橙翼,古风,简单,,,,,,,
簪花人间,忘川风华录、星尘,古风,简单,,,,,,,
情是何物,周深,古风,中等,30,,,,,,
天命风流,绯村柯北,古风,简单,,,,,,,
狂野想乡,艾辰,古风,简单,,,,,,,
鹿鸣呦呦,锦零,古风,简单,,,,,,,
人间不值得,黄诗扶,古风,困难,100,,,,,,
吹梦到西洲,黄诗扶、妖扬,古风,困难,100,,,,,,
空山新雨后,音阙诗听、锦零,古风,简单,,,,,,,
未见青山老,以冬,古风,简单,,,,,,,
古龙群侠传,河图,古风,简单,,,,,,,
湖光水色调,墨明棋妙,古风,简单,,,,,,,
杏花弦外雨,CRITTY、司夏,古风,简单,,,,,,,
七月七日晴,许慧欣,古风,困难,,,,,,,
神武雨霖铃,阿悄,古风,简单,,,,,,,
神武醉相思,双笙,古风,简单,,,,,,,
吹灭小山河,司南,古风,中等,,,,,,,
刹那芳华曲,小爱的妈,古风,简单,,,,,,,
上里与手抄卷,双笙、闫东炜,古风,简单,,,,,,,
新九九八十一,泠鸢yousa,古风,简单,,,,,,,
杨花落尽子规啼,国风堂,古风,中等,,,,,,,
星河散尽故人来,国风堂,古风,困难,,,,,,,
我与自己唱相守,云の泣,古风,简单,,,,,,,
何日重到苏澜桥,泠鸢yousa,古风,简单,,,,,,,
晚夜微雨问海棠,陈亦洺、喧笑,古风,中等,100,,,,,,
何必诗债换酒钱,Winky诗、流仙…,古风,困难,30,,,,,,
山外小楼夜听雨,任然,古风,简单,,,,,,,
天龙八部之宿敌,许嵩,古风,简单,,,,,,,
我的一个道姑朋友,双笙,古风,困难,30,,,,,,
枫,周杰伦,流行,中等,,,,,,,
你,林依晨,流行,简单,,,,,,,
愿,艾辰,流行,简单,,,,,,,
溯,CORSAK&马吟吟,流行,简单,,,,,,,
鱼,陈绮贞,流行,简单,,,,,,,
鱼,姚贝娜,流行,困难,,,,,,,
循,双笙,流行,简单,,,,,,,
画,邓紫棋,流行,简单,,,,,,,
喂,单依纯,流行,中等,,,,,,,
她,斯琴mia,流行,简单,,,,,,,
默,那英,流行,中等,,,,,,,
彩虹,周杰伦,流行,简单,,,,,,,
花海,周杰伦,流行,简单,,,,,,,
轨迹,周杰伦,流行,简单,,,,,,,
心雨,周杰伦,流行,简单,,,,,,,
暗号,周杰伦,流行,简单,,,,,,,
分裂,周杰伦,流行,简单,,,,,,,
星晴,周杰伦,流行,简单,,,,,,,
安静,周杰伦,流行,简单,,,,,,,
退后,周杰伦,流行,简单,,,,,,,
晴天,周杰伦,流行,中等,,,,,,,
蜗牛,周杰伦,流行,简单,,,,,,,
借口,周杰伦,流行,中等,,,,,,,
瓦解,周杰伦,流行,简单,,,,,,,
夜曲,周杰伦,流行,简单,,,,,,,
稻香,周杰伦,流行,简单,,,,,,,
搁浅,周杰伦,流行,困难,30,,,,,,
画沙,周杰伦、袁咏琳,流行,简单,,,,,,,
傻笑,周杰伦、袁咏琳,流行,简单,,,,,,,
不该,周杰伦、张惠妹,流行,困难,,,,,,,
屋顶,周杰伦、温岚,流行,简单,,,,,,,
暖暖,梁静茹,流行,简单,,,,,,,
宁夏,梁静茹,流行,简单,,,,,,,
亲亲,梁静茹,流行,中等,,,,,,,
情歌,梁静茹,流行,困难,,,,,,,
丝路,梁静茹,流行,困难,,,,,,,
崇拜,梁静茹,流行,困难,,,,,,,
勇气,梁静茹,流行,简单,,,,,,,
接受,梁静茹,流行,简单,,,,,,,
慢冷,梁静茹,流行,中等,,,,,,,
属于,梁静茹,流行,简单,,,,,,,
浪费,林宥嘉,流行,中等,,,,,,,
心酸,林宥嘉,流行,简单,,,,,,,
说谎,林宥嘉,流行,简单,,,,,,,
兜圈,林宥嘉,流行,简单,,,,,,,
傻子,林宥嘉,流行,简单,,,,,,,
凉城,任然,流行,简单,,,,,,,
雀跃,任然,流行,简单,,,,,,,
刚好,任然,流行,简单,,,,,,,
那年,任然,流行,简单,,,,,,,
飞机,任然,流行,简单,,,,,,,
绿光,孙燕姿,流行,简单,,,,,,,
飘着,孙燕姿,流行,困难,,,,,,,
遇见,孙燕姿,流行,简单,,,,,,,
逆光,孙燕姿,流行,困难,,,,,,,
雨天,孙燕姿,流行,简单,,,,,,,
原点,孙燕姿、蔡健雅,流行,简单,,,,,,,
仰望,杨丞琳,流行,中等,,,,,,,
左边,杨丞琳,流行,困难,,,,,,,
雨爱,杨丞琳,流行,困难,30,,,,,,
暗涌,杨丞琳,流行,简单,,,,,,,
点水,杨丞琳,流行,简单,,,,,,,
星空,五月天,流行,中等,,,,,,,
干杯,五月天,流行,简单,,,,,,,
知足,五月天,流行,简单,,,,,,,
步步,五月天,流行,中等,,,,,,,
人质,张惠妹,流行,简单,,,,,,,
听海,张惠妹,流行,困难,,,,,,,
掉了,张惠妹,流行,困难,,,,,,,
身后,张惠妹,流行,困难,30,,,,,,
记得,张惠妹/林俊杰,流行,中等,,,,,,,
她说,林俊杰,流行,简单,,,,,,,
当你,林俊杰,流行,简单,,,,,,,
生生,林俊杰,流行,困难,,,,,,,
再见,邓紫棋,流行,困难,,,,,,,
倒数,邓紫棋,流行,困难,,,,,,,
泡沫,邓紫棋,流行,困难,30,,,,,,
流沙,陶喆,流行,简单,,,,,,,
天天（2003）,陶喆,流行,简单,,,,,,,
沙滩,陶喆,流行,简单,,,,,,,
爱你,王心凌,流行,简单,,,,,,,
月光,王心凌,流行,简单,,,,,,,
大眠,王心凌,流行,简单,,,,,,,
矜持,王菲,流行,简单,,,,,,,
红豆,王菲,流行,简单,,,,,,,
旋木,王菲,流行,简单,,,,,,,
戒烟,李荣浩,流行,简单,,,,,,,
耳朵,李荣浩,流行,简单,,,,,,,
老伴,李荣浩,流行,简单,,,,,,,
尽头,音阙诗听、赵方婧,流行,简单,,,,,,,
破裂,音阙诗听、王梓钰,流行,简单,,,,,,,
聊天,郭静,流行,简单,,,,,,,
心墙,郭静,流行,简单,,,,,,,
如燕,Olivia Ong,流行,简单,,,,,,,
守望,Olivia Ong,流行,简单,,,,,,,
命运,家家,流行,中等,,,,,,,
尘埃,家家,流行,中等,,,,,,,
成全,刘若英,流行,简单,,,,,,,
后来,刘若英,流行,简单,,,,,,,
乌鸦,许嵩,流行,中等,,,,,,,
温泉,许嵩、刘美麟,流行,简单,,,,,,,
骑士,黄龄,流行,简单,,,,,,,
恰好,黄龄,流行,中等,,,,,,,
深海,张学友,流行,中等,,,,,,,
慢慢,张学友,流行,困难,,,,,,,
鸽子,徐秉龙,流行,简单,,,,,,,
青柠,徐秉龙、桃十五,流行,简单,,,,,,,
银河,汪苏泷,流行,简单,,,,,,,
年轮,汪苏泷,流行,简单,,,,,,,
朝汐,双笙、泠鸢yousa,流行,困难,,,,,,,
纯白,双笙、V.K克,流行,困难,,,,,,,
拆穿,黄绮珊,流行,困难,,,,,,,
坦诉,黄绮珊,流行,困难,,,,,,,
空心,光泽,流行,困难,30,,,,,,
中毒,光泽,流行,简单,,,,,,,
走马,陈粒,流行,简单,,,,,,,
小半,陈粒,流行,中等,,,,,,,
停格,蔡健雅,流行,简单,,,,,,,
重来,蔡健雅,流行,简单,,,,,,,
天后,陈势安,流行,中等,,,,,,,
像鱼,王贰浪,流行,简单,,,,,,,
爱你,陈芳语,流行,中等,,,,,,,
遇到,方雅贤,流行,简单,,,,,,,
房间,刘瑞琦,流行,简单,,,,,,,
淘汰,陈奕迅,流行,简单,,,,,,,
野子,苏运莹,流行,困难,30,,,,,,
烟火,陈绮贞,流行,中等,,,,,,,
断点,张敬轩,流行,简单,,,,,,,
侧脸,于果,流行,中等,,,,,,,
倒带,蔡依林,流行,中等,,,,,,,
画心,张靓颖,流行,困难,,,,,,,
体面,于文文,流行,简单,,,,,,,
勇气,棉子,流行,简单,,,,,,,
离歌,信乐团,流行,困难,100,,,,,,
姗姗,金玟岐,流行,简单,,,,,,,
偏见,梁咏琪,流行,简单,,,,,,,
太阳,邱振哲,流行,中等,,,,,,,
记念,雷雨心,流行,中等,,,,,,,
宝贝,张悬,流行,简单,,,,,,,
嚣张,En,流行,简单,,,,,,,
晚婚,江蕙,流行,简单,,,,,,,
冬眠,司南,流行,简单,,,,,,,
男孩,梁博,流行,简单,,,,,,,
月球,银临,流行,简单,,,,,,,
鱼仔,卢广仲,流行,中等,,,,,,,
气球,许哲珮,流行,简单,,,,,,,
撒野,凯瑟喵,流行,中等,,,,,,,
也罢,鲁向卉,流行,简单,,,,,,,
阴天,莫文蔚,流行,简单,,,,,,,
小小,容祖儿,流行,中等,30,,,,,,
左耳,赵薇,流行,简单,,,,,,,
洋葱,丁当,流行,困难,,,,,,,
不枉,汪小敏,流行,中等,,,,,,,
蠢货,喻言,流行,简单,,,,,,,
心跳,王力宏,流行,简单,,,,,,,
够爱,东城卫,流行,中等,,,,,,,
嘉宾,张远,流行,中等,100,,,,,,
保留,郭顶,流行,困难,,,,,,,
如此,单依纯,流行,困难,,,,,,,
小宇,蓝心羽,流行,简单,,,,,,,
致你,yihuik苡慧,流行,简单,,,,,,,
靠近,罗震环,流行,中等,,,,,,,
礼物,刘力扬,流行,困难,100,,,,,,
天涯,任贤齐,流行,简单,,,,,,,
看淡,田馥甄,流行,简单,,,,,,,
迫降,张伊美Lyla,流行,困难,,,,,,,
讨厌,Fine乐团,流行,困难,,,,,,,
落空,印子月,流行,简单,,,,,,,
告白,王欣宇,流行,简单,,,,,,,
夏天,李玖哲,流行,简单,,,,,,,
大吉,洛天依,流行,简单,,,,,,,
夜车,曾轶可,流行,简单,,,,,,,
原谅,张玉华,流行,简单,,,,,,,
大火,李佳薇,流行,困难,,,,,,,
不舍,徐佳莹,流行,中等,,,,,,,
离人,林志炫,流行,简单,,,,,,,
唯一,告五人,流行,简单,,,,,,,
无赖,戴佩妮,流行,简单,,,,,,,
借我,谢春花,流行,简单,,,,,,,
表白,周星星,流行,简单,,,,,,,
梦返,黄霄云,流行,中等,,,,,,,
叶子,阿桑,流行,简单,,,,,,,
茶汤,郁可唯,流行,中等,,,,,,,
如烟,艾怡良,流行,简单,,,,,,,
七里香,周杰伦,流行,简单,,,,,,,
园游会,周杰伦,流行,简单,,,,,,,
甜甜的,周杰伦,流行,简单,,,,,,,
我不配,周杰伦,流行,简单,,,,,,,
公主病,周杰伦,流行,简单,,,,,,,
一点点,周杰伦,流行,中等,,,,,,,
美人鱼,周杰伦,流行,简单,,,,,,,
简单爱,周杰伦,流行,简单,,,,,,,
明明就,周杰伦,流行,简单,,,,,,,
你好吗,周杰伦,流行,中等,,,,,,,
时光机,周杰伦,流行,简单,,,,,,,
迷迭香,周杰伦,流行,简单,,,,,,,
大笨钟,周杰伦,流行,简单,,,,,,,
对不起,周杰伦,流行,简单,,,,,,,
跨时代,周杰伦,流行,简单,,,,,,,
龙卷风,周杰伦,流行,中等,,,,,,,
麦芽糖,周杰伦,流行,简单,,,,,,,
怎么了,周杰伦、袁咏琳,流行,简单,,,,,,,
珊瑚海,周杰伦、梁心颐,流行,困难,,,,,,,
刀马旦,周杰伦、李玟,流行,中等,,,,,,,
牡丹江,南拳妈妈,流行,简单,,,,,,,
下雨天,南拳妈妈,流行,简单,,,,,,,
学不会,林俊杰,流行,中等,,,,,,,
期待爱,林俊杰,流行,简单,,,,,,,
关键词,林俊杰,流行,简单,,,,,,,
美人鱼,林俊杰,流行,简单,,,,,,,
愿与愁,林俊杰,流行,简单,,,,,,,
小酒窝,林俊杰、蔡卓妍,流行,简单,,,,,,,
三人游,方大同,流行,简单,,,,,,,
麦恩莉,方大同,流行,简单,,,,,,,
爱爱爱,方大同,流行,简单,,,,,,,
春风吹,方大同,流行,简单,,,,,,,
第一天,孙燕姿,流行,中等,,,,,,,
天黑黑,孙燕姿,流行,简单,,,,,,,
克卜勒,孙燕姿,流行,简单,,,,,,,
达尔文,蔡健雅,流行,简单,,,,,,,
无底洞,蔡健雅,流行,简单,,,,,,,
空白格,蔡健雅,流行,简单,,,,,,,
凄美地,郭顶,流行,困难,,,,,,,
水星记,郭顶,流行,简单,,,,,,,
我们俩,郭顶,流行,简单,,,,,,,
年轮说,杨丞琳,流行,简单,,,,,,,
带我走,杨丞琳,流行,中等,,,,,,,
起风了,吴青峰,流行,简单,,,,,,,
小情歌,吴青峰,流行,简单,,,,,,,
圣诞结,陈奕迅,流行,简单,,,,,,,
红玫瑰,陈奕迅,流行,中等,,,,,,,
海海海,阿悄,流行,简单,,,,,,,
在深秋,阿悄,流行,简单,,,,,,,
说爱你,蔡依林,流行,简单,,,,,,,
他不懂,张杰,流行,简单,,,,,,,
讲真的,曾惜,流行,简单,,,,,,,
喜欢你,陈洁仪,流行,简单,,,,,,,
猪之歌,香香,流行,简单,100,,,,,,
我知道,by2,流行,简单,,,,,,,
虫儿飞,郑伊健,流行,简单,,,,,,,
樱花草,Sweety,流行,简单,,,,,,,
静悄悄,大泫,流行,简单,,,,,,,
恶作剧,王蓝茵,流行,简单,,,,,,,
干物女,洛天依、乐正绫,流行,简单,,,,,,,
坏女孩,徐良、小凌,流行,简单,,,,,,,
安和桥,宋东野,流行,简单,,,,,,,
猜不透,丁当,流行,中等,,,,,,,
从前慢,叶炫清,流行,中等,,,,,,,
棉花糖,至上励合,流行,简单,,,,,,,
三国恋,Tank,流行,困难,,,,,,,
小幸运,田馥甄,流行,中等,,,,,,,
月牙湾,F.I.R. 飞儿乐团,流行,中等,,,,,,,
阳台上,郁可唯,流行,中等,,,,,,,
小永远,何洁,流行,中等,,,,,,,
童话镇,暗杠,流行,简单,,,,,,,
想自由,林宥嘉,流行,中等,,,,,,,
杀破狼,JS,流行,中等,,,,,,,
热气球,黄淑惠,流行,简单,,,,,,,
苏州河,薛凯琪,流行,简单,,,,,,,
好想你,朱主爱,流行,简单,,,,,,,
错的人,萧亚轩,流行,中等,,,,,,,
疑心病,任然,流行,简单,,,,,,,
半情歌,元若兰,流行,简单,,,,,,,
第一次,光良,流行,简单,,,,,,,
同花顺,林倛玉,流行,简单,,,,,,,
都不懂,yihuik苡慧,流行,简单,,,,,,,
醉清风,弦子,流行,简单,,,,,,,
云与海,阿YueYue,流行,中等,,,,,,,
梦回还,呦猫,流行,困难,,,,,,,
浪漫爱,江语晨,流行,简单,,,,,,,
海芋恋,萧敬腾,流行,简单,,,,,,,
好一点,小蓝背心,流行,简单,,,,,,,
萱草花,张小斐,流行,简单,,,,,,,
秋意浓,张学友,流行,简单,,,,,,,
能不能,吴映香,流行,简单,,,,,,,
朗读者,赵方婧,流行,简单,,,,,,,
安静了,SHE,流行,简单,,,,,,,
若把你,刘瑾睿,流行,简单,,,,,,,
黄昏晓,王心凌,流行,简单,,,,,,,
夜航星,不才,流行,中等,,,,,,,
舍离断,苏诗丁,流行,困难,100,,,,,,
梦里花,张韶涵,流行,中等,,,,,,,
小模样,张小只ya,流行,简单,,,,,,,
太聪明,陈绮贞,流行,简单,,,,,,,
我记得,赵雷,流行,简单,,,,,,,
爱人呢,郭采洁,流行,简单,,,,,,,
elm,Akie秋绘,流行,简单,,,,,,,
黑色幽默,周杰伦,流行,简单,,,,,,,
等你下课,周杰伦,流行,简单,,,,,,,
阳光宅男,周杰伦,流行,简单,,,,,,,
白色风车,周杰伦,流行,困难,30,,,,,,
告白气球,周杰伦,流行,简单,,,,,,,
世界末日,周杰伦,流行,简单,,,,,,,
说好不哭,周杰伦,流行,简单,,,,,,,
断了的弦,周杰伦,流行,简单,,,,,,,
可爱女人,周杰伦,流行,简单,,,,,,,
爱你没差,周杰伦,流行,简单,,,,,,,
开不了口,周杰伦,流行,简单,,,,,,,
说了再见,周杰伦,流行,简单,,,,,,,
回到过去,周杰伦,流行,简单,,,,,,,
一路向北,周杰伦,流行,中等,,,,,,,
黑色毛衣,周杰伦,流行,简单,,,,,,,
你听得到,周杰伦,流行,简单,,,,,,,
爱情悬崖,周杰伦,流行,中等,,,,,,,
千里之外,周杰伦,流行,简单,,,,,,,
半岛铁盒,周杰伦,流行,简单,,,,,,,
魔术先生,周杰伦,流行,简单,,,,,,,
止战之殇,周杰伦,流行,简单,,,,,,,
她的睫毛,周杰伦,流行,简单,,,,,,,
浪漫手机,周杰伦,流行,简单,,,,,,,
伊斯坦堡,周杰伦,流行,简单,,,,,,,
开始懂了,孙燕姿,流行,简单,,,,,,,
眼泪成诗,孙燕姿,流行,简单,,,,,,,
时光小偷,孙燕姿,流行,中等,,,,,,,
我怀念的,孙燕姿,流行,中等,,,,,,,
我不难过,孙燕姿,流行,中等,,,,,,,
180度,孙燕姿,流行,简单,,,,,,,
后会无期,邓紫棋,流行,简单,,,,,,,
很久以后,邓紫棋,流行,中等,,,,,,,
我的秘密,邓紫棋,流行,简单,,,,,,,
光年之外,邓紫棋,流行,中等,,,,,,,
我还想她,林俊杰,流行,简单,,,,,,,
修炼爱情,林俊杰,流行,简单,,,,,,,
豆浆油条,林俊杰,流行,简单,,,,,,,
浪漫血液,林俊杰,流行,中等,,,,,,,
飞云之下,林俊杰、韩红,流行,中等,,,,,,,
失落沙洲,徐佳莹,流行,中等,,,,,,,
身骑白马,徐佳莹,流行,中等,30,,,,,,
寻人启事,徐佳莹,流行,简单,,,,,,,
行走的鱼,徐佳莹,流行,中等,,,,,,,
到此为止,徐佳莹,流行,简单,,,,,,,
黑色柳丁,陶喆,流行,简单,,,,,,,
普通朋友,陶喆,流行,简单,,,,,,,
就是爱你,陶喆,流行,简单,,,,,,,
小镇姑娘,陶喆,流行,简单,,,,,,,
那个女孩,陶喆、卢广仲,流行,简单,,,,,,,
想象之中,许嵩,流行,简单,,,,,,,
全球变冷,许嵩,流行,简单,,,,,,,
白马非马,许嵩,流行,简单,,,,,,,
云烟成雨,房东的猫,流行,简单,,,,,,,
那些花儿,房东的猫,流行,简单,,,,,,,
纵情年代,房东的猫,流行,简单,,,,,,,
配不上你,Fine乐团,流行,困难,,,,,,,
我不需要,Fine乐团,流行,困难,,,,,,,
呼吸决定,Fine乐团,流行,超级难,,,,,,,
分手快乐,梁静茹,流行,简单,,,,,,,
可以的话,梁静茹,流行,简单,,,,,,,
没有如果,梁静茹,流行,简单,,,,,,,
残酷月光,林宥嘉,流行,简单,,,,,,,
神秘嘉宾,林宥嘉,流行,简单,,,,,,,
天真有邪,林宥嘉,流行,困难,,,,,,,
四季予你,程响,流行,简单,,,,,,,
不再联系,程响,流行,简单,,,,,,,
时光洪流,程响,流行,中等,,,,,,,
我要快乐,张惠妹,流行,中等,,,,,,,
连名带姓,张惠妹,流行,超级难,,,,,,,
坏的好人,张惠妹,流行,简单,,,,,,,
空空如也,任然,流行,简单,,,,,,,
飞鸟和蝉,任然,流行,简单,,,,,,,
匆匆那年,王菲,流行,简单,,,,,,,
百年孤寂,王菲,流行,中等,,,,,,,
我们的歌,王力宏,流行,简单,,,,,,,
大城小爱,王力宏,流行,简单,,,,,,,
路过人间,郁可唯,流行,简单,,,,,,,
时间煮雨,郁可唯,流行,简单,,,,,,,
勾指起誓,洛天依,流行,简单,,,,,,,
兔子先生,洛天依,流行,简单,,,,,,,
香格里拉,魏如萱,流行,简单,,,,,,,
你啊你啊,魏如萱,流行,简单,,,,,,,
彼个所在,魏如萱,流行,简单,,,,,,,
你的微笑,F.I.R. 飞儿乐团,流行,简单,,,,,,,
我们的爱,F.I.R. 飞儿乐团,流行,困难,30,,,,,,
忽然之间,莫文蔚,流行,简单,,,,,,,
电台情歌,莫文蔚,流行,简单,,,,,,,
爱丫爱丫,by2,流行,困难,,,,,,,
桃花旗袍,by2,流行,简单,,,,,,,
年少有为,李荣浩,流行,简单,,,,,,,
乌梅子酱,李荣浩,流行,简单,,,,,,,
与你有关,泠鸢yousa,流行,简单,,,,,,,
流年如歌,泠鸢yousa,流行,困难,30,,,,,,
诱惑的街,林忆莲,流行,困难,,,,,,,
词不达意,林忆莲,流行,简单,,,,,,,
不可思议,金莎,流行,简单,,,,,,,
爱的魔法,金莎,流行,简单,,,,,,,
即时生效,蔡依林,流行,简单,,,,,,,
后会无期,徐良、汪苏泷,流行,简单,,,,,,,
母系社会,张惠妹,流行,困难,100,,,,,,
夏天的风,温岚,流行,简单,,,,,,,
特别的人,方大同,流行,简单,,,,,,,
你的眼神,蔡琴,流行,简单,,,,,,,
战争世界,姚贝娜,流行,困难,,,,,,,
我好想你,苏打绿,流行,中等,,,,,,,
孤独患者,陈奕迅,流行,简单,,,,,,,
你要的爱,戴佩妮,流行,简单,,,,,,,
让她降落,何璐,流行,中等,,,,,,,
可不可以,银临,流行,简单,,,,,,,
深海游戏,雷雨心,流行,中等,,,,,,,
六月的雨,胡歌,流行,简单,,,,,,,
那么骄傲,金海心,流行,简单,,,,,,,
不醉不会,田馥甄,流行,中等,,,,,,,
昨日青空,尤长靖,流行,中等,,,,,,,
最后一页,江语晨,流行,中等,,,,,,,
孤单心事,蓝又时,流行,简单,,,,,,,
热带雨林,S.H.E,流行,简单,,,,,,,
破晓将至,云の泣,流行,中等,,,,,,,
无人之岛,任然,流行,简单,,,,,,,
耿耿于怀,王笑文,流行,简单,,,,,,,
说散就散,JC(陈咏桐),流行,简单,,,,,,,
独家记忆,陈小春,流行,简单,,,,,,,
蝴蝶泉边,黄雅莉,流行,简单,,,,,,,
星辰大海,黄霄云,流行,困难,,,,,,,
错位时空,艾辰,流行,简单,,,,,,,
时光盲盒,ChiliChill,流行,简单,,,,,,,
明天你好,牛奶咖啡,流行,简单,,,,,,,
阿楚姑娘,袁娅维,流行,中等,,,,,,,
不朽之罪,玄觞、双笙,流行,简单,,,,,,,
第三人称,戚薇,流行,简单,,,,,,,
胡桃夹子,张碧晨,流行,困难,,,,,,,
寂寞烟火,朱婧汐,流行,简单,,,,,,,
岁月神偷,金玟岐,流行,简单,,,,,,,
像风一样,薛之谦,流行,简单,,,,,,,
爱我别走,张震岳,流行,简单,,,,,,,
没有意外,蔡徐坤,流行,简单,,,,,,,
时间飞行,朱一龙、白宇,流行,简单,,,,,,,
睫毛弯弯,王心凌,流行,中等,,,,,,,
天空之外,弦子,流行,中等,,,,,,,
南屏晚钟,卓依婷,流行,简单,,,,,,,
恋爱频率,许志安、许慧欣,流行,简单,,,,,,,
漠河舞厅,柳爽,流行,简单,,,,,,,
香水有毒,胡杨林,流行,简单,,,,,,,
夜夜夜夜,齐秦,流行,简单,,,,,,,
亲密爱人,王若琳,流行,简单,,,,,,,
你的珍藏,单依纯,流行,简单,,,,,,,
提拉米苏,新乐尘符、李思雨,流行,简单,,,,,,,
失联星球,唐九夏,流行,简单,,,,,,,
太难唱了,彭佳慧,流行,困难,100,,,,,,
我的美丽,黄绮珊,流行,中等,,,,,,,
霓虹泡泡,吉诺尔Kino,流行,简单,,,,,,,
老娘驾到,小黄飞,流行,简单,,,,,,,
字字句句,卢卢快闭嘴,流行,简单,,,,,,,
天若有情,A-lin,流行,中等,,,,,,,
self,陈绮贞,流行,困难,,,,,,,
听妈妈的话,周杰伦,流行,简单,,,,,,,
听爸爸的话,周杰伦,流行,中等,,,,,,,
手写的从前,周杰伦,流行,简单,,,,,,,
雨下一整晚,周杰伦,流行,简单,,,,,,,
爱在西元前,周杰伦,流行,简单,,,,,,,
哪里都是你,周杰伦,流行,超级难,100,,,,,,
世界未末日,周杰伦,流行,简单,,,,,,,
算什么男人,周杰伦,流行,简单,,,,,,,
超人不会飞,周杰伦,流行,简单,,,,,,,
反方向的钟,周杰伦,流行,简单,,,,,,,
最长的电影,周杰伦,流行,困难,,,,,,,
最后的战役,周杰伦,流行,简单,,,,,,,
爱笑的眼睛,林俊杰,流行,中等,,,,,,,
黑夜问白天,林俊杰,流行,困难,,,,,,,
可惜没如果,林俊杰,流行,简单,,,,,,,
背对背拥抱,林俊杰,流行,中等,,,,,,,
会呼吸的痛,梁静茹,流行,简单,,,,,,,
可惜不是你,梁静茹,流行,简单,,,,,,,
小手拉大手,梁静茹,流行,简单,,,,,,,
红色高跟鞋,蔡健雅,流行,简单,,,,,,,
越来越不懂,蔡健雅,流行,简单,,,,,,,
别找我麻烦,蔡健雅,流行,简单,,,,,,,
盛夏的果实,莫文蔚,流行,简单,,,,,,,
慢慢喜欢你,莫文蔚,流行,简单,,,,,,,
外面的世界,莫文蔚,流行,简单,,,,,,,
突然好想你,五月天,流行,中等,,,,,,,
后来的我们,五月天,流行,简单,,,,,,,
恋爱ING,五月天,流行,简单,,,,,,,
私奔到月球,五月天、陈绮贞,流行,简单,,,,,,,
旅行的意义,陈绮贞,流行,简单,,,,,,,
还是会寂寞,陈绮贞,流行,简单,,,,,,,
爱我还是他,陶喆,流行,中等,,,,,,,
讨厌红楼梦,陶喆,流行,简单,,,,,,,
尚好的青春,孙燕姿,流行,简单,,,,,,,
当冬夜渐暖,孙燕姿,流行,中等,,,,,,,
奇妙能力歌,陈粒,流行,简单,,,,,,,
易燃易爆炸,陈粒,流行,中等,,,,,,,
怎么唱情歌,刘惜君,流行,简单,,,,,,,
少一点天分,孙盛希,流行,简单,,,,,,,
不完美小孩,TFBOYS,流行,简单,,,,,,,
小丑的品格,泠鸢yousa,流行,简单,,,,,,,
至少还有你,林忆莲,流行,简单,,,,,,,
一直很安静,阿桑,流行,简单,,,,,,,
有一种悲伤,A-lin,流行,中等,,,,,,,
一样的月光,徐佳莹,流行,中等,,,,,,,
东京不太热,洛天依,流行,简单,,,,,,,
孤单北半球,欧得洋,流行,简单,,,,,,,
是你依然在,萧忆情,流行,简单,,,,,,,
你曾是少年,S.H.E,流行,简单,,,,,,,
有一个地方,吴亦凡,流行,简单,,,,,,,
爱的回归线,陈韵若、陈每文,流行,简单,,,,,,,
靠近一点点,梁心颐,流行,简单,,,,,,,
别问很可怕,J.Sheon,流行,中等,,,,,,,
其实都没有,杨宗纬,流行,简单,,,,,,,
最后的旅行,Rainton桐,流行,中等,,,,,,,
心愿便利贴,元若蓝、吴忠明,流行,简单,,,,,,,
下一个天亮,郭静,流行,简单,,,,,,,
我只在乎你,邓丽君,流行,简单,,,,,,,
如果有来生,谭维维,流行,中等,,,,,,,
走在冷风中,刘思涵,流行,简单,,,,,,,
我最亲爱的,张惠妹,流行,简单,,,,,,,
只是太爱你,张敬轩,流行,简单,,,,,,,
踮起脚尖爱,洪佩瑜,流行,简单,,,,,,,
爱就一个字,张信哲,流行,简单,,,,,,,
淋雨一直走,张韶涵,流行,困难,,,,,,,
早开的晚霞,林宥嘉,流行,简单,,,,,,,
在夜里跳舞,单依纯,流行,简单,,,,,,,
匿名的好友,杨丞琳,流行,简单,,,,,,,
如果爱忘了,戚薇,流行,简单,,,,,,,
剩下的盛夏,TFBOYS,流行,简单,,,,,,,
想念拟人化,孟慧圆,流行,简单,,,,,,,
当爱在靠近,刘若英,流行,简单,,,,,,,
我是一只鱼,任贤齐,流行,简单,,,,,,,
想你想疯了,彭佳慧,流行,超级难,100,,,,,,
全世界失眠,陈奕迅,流行,简单,,,,,,,
寂寞沙洲冷,周传雄,流行,简单,,,,,,,
再见萤火虫,王菲,流行,困难,,,,,,,
突然想起你,萧亚轩,流行,简单,,,,,,,
旅行中忘记,袁娅维,流行,简单,,,,,,,
Lydia,F.I.R. 飞儿乐团,流行,中等,,,,,,,
Simon,周菲戈,流行,困难,100,,,,,,
蒲公英的约定,周杰伦,流行,简单,,,,,,,
不爱我就拉倒,周杰伦,流行,简单,,,,,,,
不能说的秘密,周杰伦,流行,简单,,,,,,,
说好的幸福呢,周杰伦,流行,简单,,,,,,,
上海一九四三,周杰伦,流行,简单,,,,,,,
爱的飞行日记,周杰伦,流行,中等,,,,,,,
MOJITO,周杰伦,流行,简单,,,,,,,
如果你也听说,张惠妹,流行,困难,,,,,,,
血腥爱情故事,张惠妹,流行,超级难,100,,,,,,
化身孤岛的鲸,周深,流行,简单,,,,,,,
灯火里的中国,张也、周深,流行,超级难,100,,,,,,
祝我生日快乐,温岚,流行,简单,,,,,,,
susan说,陶喆,流行,简单,,,,,,,
melody,陶喆,流行,简单,,,,,,,
马德里不思议,蔡依林,流行,简单,,,,,,,
幸福了然后呢,A-lin,流行,简单,,,,,,,
那女孩对我说,黄义达,流行,简单,,,,,,,
阿飞的小蝴蝶,萧敬腾,流行,简单,,,,,,,
有可能的夜晚,曾轶可,流行,简单,,,,,,,
永不失联的爱,周兴哲,流行,中等,,,,,,,
阿拉斯加海湾,蓝心羽,流行,简单,,,,,,,
第一次爱的人,王心凌,流行,简单,,,,,,,
你要的全拿走,胡彦斌,流行,中等,,,,,,,
我真的受伤了,张学友,流行,简单,,,,,,,
你不知道的事,王力宏,流行,简单,,,,,,,
恋爱困难少女,ChiliChill,流行,简单,,,,,,,
乌兰巴托的夜,谭维维,流行,超级难,100,,,,,,
眼泪落下之前,汪苏泷,流行,简单,,,,,,,
想淋雨就别走,Fine乐团,流行,中等,,,,,,,
我也不想这样,王菲,流行,简单,,,,,,,
阳光下的星星,金海心,流行,简单,,,,,,,
十万毫升泪水,蔡健雅,流行,中等,,,,,,,
123木头人,黑girl,流行,简单,,,,,,,
My Love,田馥甄,流行,简单,,,,,,,
我落泪情绪零碎,周杰伦,流行,简单,,,,,,,
听见下雨的声音,周杰伦,流行,困难,30,,,,,,
不为谁而作的歌,林俊杰,流行,困难,,,,,,,
被风吹过的夏天,林俊杰、金莎,流行,简单,,,,,,,
流浪的猫写情诗,音阙诗听、李佳思,流行,简单,,,,,,,
给电影人的情书,蔡琴,流行,简单,,,,,,,
这世界那么多人,莫文蔚,流行,简单,,,,,,,
怎么说我不爱你,萧敬腾,流行,中等,,,,,,,
多远都要在一起,邓紫棋,流行,中等,,,,,,,
爱你不是两三天,梁静茹,流行,简单,,,,,,,
你就不要想起我,田馥甄,流行,中等,,,,,,,
明天我要嫁给你,周华健,流行,简单,,,,,,,
漂洋过海来看你,丁当,流行,简单,,,,,,,
一身诗意千寻瀑,不才,流行,困难,,,,,,,
夏夜最后的烟火,颜人中,流行,简单,,,,,,,
无与伦比的美丽,苏打绿,流行,简单,,,,,,,
飞机场的10:30,陶喆,流行,中等,,,,,,,
原来你也在这里,刘若英,流行,简单,,,,,,,
致姗姗来迟的你,阿肆、林宥嘉,流行,简单,,,,,,,
比你更爱我的人,陈壹千,流行,简单,,,,,,,
我知道你很难过,蔡依林,流行,简单,,,,,,,
mine mine,周杰伦,流行,简单,,,,,,,
给我一首歌的时间,周杰伦,流行,简单,,,,,,,
给我一个理由忘记,A-lin,流行,困难,,,,,,,
刻在我心底的名字,卢广仲,流行,简单,,,,,,,
女孩你为何踮脚尖,双笙,流行,中等,,,,,,,
那些你很冒险的梦,林俊杰,流行,简单,,,,,,,
我的悲伤是水做的,ChiliChill,流行,简单,,,,,,,
陪你度过漫长岁月,陈奕迅,流行,简单,,,,,,,
好想爱这个世界啊,华晨宇,流行,中等,,,,,,,
那年夏天宁静的海,王心凌,流行,中等,,,,,,,
世界上的另一个我,阿肆、郭采洁,流行,简单,,,,,,,
此生与你不过相逢,上古呐,流行,中等,,,,,,,
好像掉进爱情海里,赵露思、谷嘉诚,流行,简单,,,,,,,
远虑休憩中的邂逅,泠鸢yousa,流行,中等,,,,,,,
亲爱的那不是爱情,张韶涵,流行,中等,,,,,,,
你被写在我的歌里,苏打绿、ella,流行,简单,,,,,,,
我对自己开了一枪,佛跳墙乐队,流行,困难,,,,,,,
原来你什么都不要,孙燕姿,流行,简单,,,,,,,
她来听我的演唱会,张学友,流行,简单,,,,,,,
想见你想见你想见你,张杰,流行,简单,,,,,,,
我在池袋看漂亮姐姐,Infinity,流行,简单,,,,,,,
还是你的笑容最可爱,音阙诗听、泠鸢yousa、王梓钰,流行,简单,,,,,,,
就让这大雨全部落下,容祖儿,流行,中等,,,,,,,
你怎么连话都说不清楚,蔡依林,流行,简单,,,,,,,
下辈子如果我还记得你,马郁,流行,简单,,,,,,,
我喜欢上你时的内心活动,陈绮贞,流行,简单,,,,,,,
写给我第一个喜欢的女孩的歌,洛天依,流行,简单,,,,,,,
honey honey,孙燕姿,流行,简单,,,,,,,
forever young,艾怡良,流行,简单,,,,,,,
letting go,蔡健雅,流行,简单,,,,,,,
Cinderella,岚AYA,流行,简单,,,,,,,
ringringring,SHE,流行,简单,,,,,,,
beautiful love,蔡健雅,流行,简单,,,,,,,
大哥,卫兰,粤语,中等,,,,,,,
验伤,卫兰,粤语,中等,,,,,,,
够钟,周柏豪,粤语,简单,,,,,,,
小白,周柏豪,粤语,简单,,,,,,,
烟霞,容祖儿,粤语,中等,,,,,,,
痛爱,容祖儿,粤语,中等,,,,,,,
情人,Beyond,粤语,简单,,,,,,,
孤雏,AGA,粤语,简单,,,,,,,
初恋,林志美,粤语,简单,,,,,,,
处处吻,杨千嬅,粤语,简单,,,,,,,
狼来了,杨千嬅,粤语,简单,,,,,,,
喜帖街,谢安琪,粤语,简单,,,,,,,
钟无艳,谢安琪,粤语,困难,,,,,,,
爱与诚,古巨基,粤语,简单,,,,,,,
必杀技,古巨基,粤语,简单,,,,,,,
一格格,卫兰,粤语,简单,,,,,,,
咁咁咁,The pancakes,粤语,简单,,,,,,,
兰亭序（粤语版）,周杰伦,粤语,简单,,,,,,,
搜神记,容祖儿,粤语,困难,100,,,,,,
小手术,王菀之,粤语,简单,,,,,,,
你瞒我瞒,陈柏宇,粤语,简单,,,,,,,
拍一半拖,陈柏宇,粤语,简单,,,,,,,
心之科学,容祖儿,粤语,困难,,,,,,,
呼吸有害,莫文蔚,粤语,简单,,,,,,,
再见悲哀,林忆莲,粤语,简单,,,,,,,
东京人寿,容祖儿,粤语,困难,30,,,,,,
身体健康,张卫健,粤语,简单,,,,,,,
难念的经,周华健,粤语,中等,,,,,,,
娱乐人生,陈蕾,粤语,简单,,,,,,,
周末画报,薛凯琪,粤语,中等,,,,,,,
明知做戏,吴雨霏,粤语,中等,,,,,,,
天生二品,陈凯咏,粤语,简单,,,,,,,
街灯晚餐,卫兰,粤语,简单,,,,,,,
我怀念的你,卫兰,粤语,简单,,,,,,,
再见二丁目,杨千嬅,粤语,简单,,,,,,,
月半小夜曲,陈慧娴,粤语,简单,,,,,,,
留什么给你,王晴,粤语,简单,,,,,,,
分分钟需要你,林忆莲,粤语,简单,,,,,,,
不要离我太远,邓丽欣,粤语,简单,,,,,,,
可惜我是水瓶座,杨千嬅,粤语,中等,,,,,,,
不呼不吸几多秒,薛凯琪,粤语,简单,,,,,,,
就算世界无童话,卫兰,粤语,简单,,,,,,,
一分钟稀客一分钟色诱,吴雨霏,粤语,简单,,,,,,,
lonely Christmas,陈奕迅,粤语,简单,,,,,,,
8.8,あたらよ,日语,中等,,,,,,,
群青,YOASOBI,日语,困难,,,,,,,
夏影,Lia,日语,简单,,,,,,,
苍鸟/蒼い鳥,今井麻美,日语,简单,,,,,,,
火花/スパークル,RADWIMPS,日语,简单,,,,,,,
我爱你/爱してる,高铃,日语,简单,,,,,,,
月光石,Rurutia,日语,简单,,,,,,,
恋の歌,伊藤彩沙,日语,简单,,,,,,,
爱し子よ,Rurutia,日语,简单,,,,,,,
打上花火,米津玄师，DAOKO,日语,中等,,,,,,,
瑠璃の鳥/琉璃之鸟,霜月はるか,日语,中等,,,,,,,
我爱你上海蟹,カニ研究会,日语,简单,,,,,,,
planet,ラムジ,日语,简单,,,,,,,
inside you,milet,日语,困难,,,,,,,
パンダ ~パステルカラーは夢~,KOKIA,日语,简单,,,,,,,
さよならの夏～コクリコ坂から～,手嶌葵,日语,简单,,,,,,,
Departures~あなたにおくるアイの歌~,ryo,日语,困难,,,,,,,
